                  epoch,         train/box_loss,         train/cls_loss,         train/dfl_loss,   metrics/precision(B),      metrics/recall(B),       metrics/mAP50(B),    metrics/mAP50-95(B),           val/box_loss,           val/cls_loss,           val/dfl_loss,                 lr/pg0,                 lr/pg1,                 lr/pg2
                      1,                 2.5033,                 3.9911,                 3.5645,                0.10592,                0.08908,                0.03786,                  0.017,                 1.4213,                 4.1754,                 2.1909,             0.00020775,             0.00020775,             0.00020775
                      2,                0.87698,                 2.6593,                 1.6181,                   0.09,                0.67594,                0.10843,                0.10106,                0.48303,                 2.8071,                0.75291,              0.0003337,              0.0003337,              0.0003337
                      3,                0.44668,                 2.1429,                 1.1547,                0.10605,                0.58994,                0.12593,                0.11668,                0.45738,                 2.6108,                0.63604,             0.00037715,             0.00037715,             0.00037715
                      4,                0.32169,                 1.9565,                 1.0439,                0.33966,                0.63068,                0.16451,                0.15854,                0.24126,                 2.0611,                0.37393,             0.00025375,             0.00025375,             0.00025375
                      5,                0.27761,                 1.8691,                  1.012,                0.19756,                0.62139,                0.16683,                0.16147,                 0.2593,                 1.9398,                0.36687,             0.00025375,             0.00025375,             0.00025375
